First Name,Last Name,Email,CareerTimeline
Jarrah,Mauro,jarmauro@arvinmeritor.info,fffd14dd2f35d2da.json
Neena,Murawski,nee-murawski@autozone-inc.info,fffd09ecabc4de15.json
Arran,Penix,arra.penix@arvinmeritor.info,fffd4c9fe93e3a49.json
Debra,Schwartz,deb.schw@diaperstack.com,fffd2f70b4093aae.json
Wilmot,Foy,wilmot_fo@arvinmeritor.info,fffd0e203b6ecdfb.json
Philena,Livesay,phli@arvinmeritor.info,fffd0ae40154dba8.json
Hassan,Burgoyne,ha-burgo@autozone-inc.info,fffcfa3ae6734c11.json
Emer,Bivins,emerbiv@autozone-inc.info,fffce84ae19c0ff6.json
Emer,Coke,eme_coke@arvinmeritor.info,fffce1de316f0299.json
Axton,Frawley,axton.frawle@egl-inc.info,fffcdb31dbf0b2c8.json
Dominic,Basil,domini.basi@progressenergyinc.info,fffcda2482e29f5d.json
Antonio,Hales,antoha@arvinmeritor.info,fffcaa09ae2b8b9a.json
Hassan,Gammons,has.ga@autozone-inc.info,fffca7480a14da1a.json
Neci,Szczepanski,ne-szczep@autozone-inc.info,fffca654fc92962d.json
Emer,Hudgens,emer_hudgens@progressenergyinc.info,fffc71009d4a211c.json
Dewi,Mauro,de.mauro@arvinmeritor.info,fffc7329ae34f57a.json
Tigerlily,Irvine,tige.irvi@egl-inc.info,fffc66c612de5932.json
Lucinda,Foy,lucinda.fo@arvinmeritor.info,fffc9dc170314f6d.json
Kane,Hunsucker,kan_hunsu@arvinmeritor.info,fffc9c3913db9087.json
Apollonia,Lamarre,apol-lama@autozone-inc.info,fffc5c0ede132187.json